,AGN,BA,BABA,BAC,BMY,BP,BUD,C,CHL,CVS,CVX,DIS,GE,HD,HSBC,IBM,JNJ,JPM,KO,LFC,LLY,MA,MCD,MDT,MO,MRK,NTT,NVO,NVS,ORCL,PEP,PFE,PG,PM,PTR,RAI,SLB,SNY,T,TM,TOT,TSM,UL,UN,UNH,V,VZ,WFC,WMT,XOM
2014-01-01,1,1,0,3,0,1,0,1,0,0,1,0,3,0,0,-1,0,1,0,0,0,0,0,0,1,0,0,0,0,0,0,1,3,1,0,0,0,0,3,-1,0,0,0,0,0,4,0,-1,0,0
2014-01-02,1,0,0,74,1,2,-1,20,3,0,0,0,3,0,0,3,2,12,1,0,1,2,2,0,1,0,0,0,0,-2,3,-2,0,0,0,-1,-1,0,-1,3,1,0,1,0,1,4,0,-2,1,3
2014-01-03,0,-1,0,47,2,2,0,28,2,0,0,2,1,0,0,-2,2,6,0,0,1,3,0,2,3,1,0,0,4,-2,0,-2,3,2,0,-2,0,1,4,0,0,0,0,0,-3,-1,2,3,9,0
2014-01-04,0,5,0,2,1,0,-1,8,-1,-1,5,2,1,0,0,1,0,1,-1,0,0,0,0,1,0,0,0,0,0,0,0,0,0,0,0,0,0,0,1,-1,0,0,0,0,0,0,1,2,1,1
2014-01-05,0,-1,0,9,1,0,0,10,0,0,0,0,1,0,0,0,0,-2,0,0,0,-1,0,0,1,0,0,0,0,0,1,0,0,0,0,0,2,0,-3,0,0,0,0,0,-1,0,1,-1,3,0
2014-01-06,0,5,0,24,0,2,0,30,2,-1,3,-3,0,2,0,-1,0,-5,0,2,1,-3,0,4,0,0,0,0,0,-1,0,-1,1,0,1,0,0,0,5,2,0,-1,0,-1,3,5,1,4,-3,2
2014-01-07,3,3,0,0,0,3,-2,5,-3,0,2,2,4,2,0,4,7,-12,0,0,5,-2,2,0,-3,2,0,0,0,4,3,3,7,0,0,0,-1,1,3,1,1,1,0,0,1,0,3,1,0,1
2014-01-08,0,-1,0,20,-2,6,0,8,0,0,0,4,-1,0,0,2,7,-6,0,0,-2,-4,-4,0,1,3,0,1,2,-1,1,6,2,-3,0,0,2,1,0,1,0,0,0,0,3,8,1,2,0,5
2014-01-09,1,-5,0,21,0,2,0,10,3,2,0,1,6,0,0,-2,10,0,0,0,0,1,0,-2,0,0,0,0,0,0,-1,0,5,5,0,0,1,0,-1,1,3,0,0,0,0,0,2,0,0,3
2014-01-10,0,-2,0,24,3,-1,0,11,5,2,-1,4,6,-1,0,-2,1,11,3,0,0,-3,0,0,-1,0,0,1,-1,0,2,-1,-1,3,0,-2,3,0,3,0,0,0,0,0,1,-5,4,5,-1,3
2014-01-11,0,1,0,1,1,2,0,2,0,0,2,-1,1,1,0,-1,1,-2,0,0,1,-1,1,0,0,1,0,0,0,0,3,0,0,0,0,0,2,0,-1,1,0,0,0,0,0,1,-1,0,2,0
2014-01-12,0,2,0,8,-2,0,0,-1,-1,0,1,2,1,-1,0,2,-2,2,-1,0,1,0,-1,0,0,-1,0,0,0,2,0,-1,0,3,0,0,0,0,7,0,0,0,0,0,-1,1,2,0,0,4
2014-01-13,-1,-1,0,13,2,2,0,8,3,1,3,7,4,-1,0,-1,2,3,1,0,2,2,0,0,1,11,-1,0,-1,0,3,4,3,4,0,0,3,3,3,1,1,0,0,0,0,7,0,5,-2,3
2014-01-14,3,3,0,31,0,1,0,4,-4,0,3,-3,2,0,0,-1,0,9,-1,0,0,0,0,0,1,3,0,1,0,5,2,6,0,-1,0,0,4,1,5,-2,0,1,0,0,0,-1,-2,0,0,2
2014-01-15,1,0,0,78,1,1,1,10,19,0,-1,0,0,0,0,1,5,10,0,1,1,5,0,1,1,2,0,0,1,1,1,1,3,2,0,0,3,0,3,1,0,0,0,-1,-1,4,0,1,3,2
2014-01-16,0,-1,0,5,2,2,0,-11,1,0,-1,1,2,-2,0,0,2,0,1,0,1,1,-1,0,1,1,0,0,0,1,3,1,4,7,0,0,5,0,2,-1,0,3,0,0,3,-1,-4,-5,-2,2
2014-01-17,1,2,0,7,-1,-2,0,5,26,0,5,0,-9,1,0,3,-1,1,2,-1,0,14,6,4,1,0,0,0,-1,0,5,1,2,2,0,0,9,0,1,3,1,-1,0,0,-1,31,-1,-2,-3,5
2014-01-18,0,2,0,-7,0,0,0,1,-1,0,0,1,-3,-1,0,1,0,0,2,0,0,1,2,0,-2,0,0,0,0,0,2,-3,0,1,0,-2,1,0,0,0,0,0,0,0,1,5,0,1,0,2
2014-01-19,2,0,0,-4,0,1,0,1,0,0,1,-1,2,-2,0,-1,-1,3,0,0,0,1,-2,0,0,0,0,1,0,0,1,1,0,0,0,0,-1,0,1,0,0,0,0,0,1,-2,-1,-1,-1,1
2014-01-20,0,2,0,5,1,1,-1,1,0,0,0,0,5,0,0,2,5,0,0,0,0,-1,2,0,0,0,0,0,0,1,1,0,0,0,0,0,0,0,0,0,0,1,0,0,0,-1,6,1,-1,1
2014-01-21,0,2,0,7,-1,1,3,1,7,0,2,0,1,1,0,-15,11,-4,6,0,0,-5,6,0,1,1,0,0,0,2,6,-2,1,5,0,-1,3,0,1,0,0,1,1,1,1,5,19,-3,3,2
2014-01-22,2,0,0,16,0,3,-1,-3,0,2,0,1,5,0,0,-2,6,1,3,0,-1,-8,-1,0,1,-1,0,-1,0,4,5,6,10,0,0,0,3,0,22,-1,0,1,2,1,-1,-2,6,0,2,7
2014-01-23,0,0,0,20,2,1,-2,0,-2,2,0,1,6,1,0,9,3,-3,3,0,2,7,-2,1,1,0,0,0,0,3,4,0,-1,1,0,1,0,0,3,0,0,0,0,0,0,6,3,-1,2,1
2014-01-24,0,-2,0,20,4,1,0,10,0,0,-1,2,11,2,0,4,0,8,0,0,2,9,2,0,0,0,0,1,1,0,7,0,9,2,0,0,1,0,0,-1,0,-1,0,-1,1,2,1,2,1,1
2014-01-25,0,-1,0,2,2,-1,0,0,-1,0,1,0,0,0,0,0,1,4,-2,0,0,4,0,0,0,1,0,0,0,0,1,0,-2,0,0,0,-1,0,2,0,0,-1,0,0,0,0,-1,0,-3,1
2014-01-26,0,1,0,-2,1,-1,1,-2,2,0,2,0,0,-1,0,1,1,0,2,0,-1,-3,1,0,2,1,0,0,0,0,3,-3,0,3,0,1,-1,0,2,0,0,0,0,1,0,0,-1,-1,2,1
2014-01-27,1,-1,0,0,0,0,0,-1,13,0,-1,0,6,0,0,1,1,6,2,0,-2,18,3,0,0,-1,0,0,0,4,10,-1,5,-3,-1,0,0,3,-2,0,0,0,0,0,0,0,2,-2,-2,0
2014-01-28,2,0,0,13,-1,2,0,1,-4,-1,-2,1,7,1,0,-1,0,-1,3,0,0,-2,1,0,1,-1,0,0,0,1,2,1,0,-1,-1,0,2,0,13,-1,0,0,0,0,0,-3,4,4,-3,4
2014-01-29,0,26,0,22,1,0,0,8,2,1,2,-3,2,1,0,6,2,8,1,0,0,3,1,0,-2,3,0,0,-1,1,3,1,0,8,0,0,0,0,11,0,0,0,0,0,1,0,4,10,10,2
2014-01-30,1,14,0,4,0,2,1,4,1,0,3,0,-1,-4,0,4,1,-3,5,0,2,9,3,0,1,1,0,1,0,1,6,3,9,1,1,-1,1,1,0,1,1,0,0,2,1,28,0,-7,1,-4
2014-01-31,0,2,0,5,0,-2,1,-3,-1,0,-4,0,1,1,0,5,-1,1,3,0,-2,12,3,0,2,0,0,2,0,0,4,0,4,4,0,1,-1,0,6,1,0,0,0,1,0,3,-2,0,3,2
2014-02-01,0,0,0,2,0,1,0,-1,0,-1,0,2,3,0,0,0,-1,0,1,0,0,-1,1,0,1,1,0,0,0,0,0,0,-1,4,0,0,0,0,1,2,0,0,0,0,0,0,1,-1,1,2
2014-02-02,0,2,0,0,0,1,0,1,0,0,0,0,0,0,0,1,1,0,3,0,0,2,0,0,0,0,0,0,0,0,4,1,-1,0,0,0,0,0,0,0,0,0,0,0,0,-1,-2,1,0,3
2014-02-03,1,-1,0,-1,1,-1,1,6,-1,1,2,8,2,-2,0,3,2,7,1,0,1,14,3,0,-2,-1,0,2,0,2,3,0,0,10,1,0,1,0,2,1,0,0,2,1,1,10,3,6,-4,-2
2014-02-04,1,-1,0,9,0,-1,0,2,1,-1,6,2,2,-3,0,5,-1,0,5,0,0,-1,-2,2,1,-1,0,-1,0,-2,1,5,2,4,0,1,0,0,0,2,0,0,0,0,0,13,0,2,-3,-1
2014-02-05,2,2,0,13,0,2,1,0,0,17,2,39,-3,2,0,0,0,-4,26,0,1,1,4,2,4,7,0,0,0,1,30,8,0,4,0,2,2,4,2,2,0,0,0,0,0,0,1,2,-4,-3
2014-02-06,1,5,0,8,3,3,0,9,-1,-3,-1,22,2,0,0,3,4,-2,33,0,0,4,4,2,5,2,0,3,0,-1,41,3,0,1,0,0,-1,3,-2,0,0,1,0,0,-1,4,-1,-2,-1,1
2014-02-07,-1,16,0,9,-1,1,0,9,-2,3,1,11,-1,2,0,5,6,0,15,0,-2,3,-1,0,0,4,-1,-1,0,2,25,2,-1,4,0,1,0,0,4,-2,0,2,1,0,-4,1,2,3,1,5
2014-02-08,0,2,0,3,0,1,0,1,0,2,2,2,1,0,0,0,1,0,2,0,0,1,2,-1,1,0,0,0,0,1,1,1,3,2,0,0,0,0,3,-1,0,0,0,0,0,-1,0,0,1,3
2014-02-09,0,-1,0,-1,1,0,0,0,0,-2,0,0,1,0,0,1,0,-1,4,0,0,-1,0,0,1,0,0,0,0,1,3,0,0,1,0,0,0,0,2,0,-1,0,0,0,0,2,0,1,0,5
2014-02-10,2,5,0,-3,1,2,1,4,0,-1,1,9,2,3,0,0,3,5,1,0,0,3,5,0,0,4,1,0,0,0,10,3,1,1,0,0,0,-2,3,2,1,1,0,-1,1,2,5,1,5,8
2014-02-11,1,12,0,16,-2,6,0,8,0,13,3,5,10,0,0,-1,2,5,1,0,4,-1,0,2,1,-1,0,-1,0,1,3,3,1,1,0,0,1,3,4,2,1,0,0,0,0,2,2,0,5,13
2014-02-12,-2,1,0,0,1,1,3,5,-2,0,2,1,4,3,0,-1,2,-3,5,0,2,2,3,0,3,0,0,0,0,-1,16,3,4,3,0,-2,-1,0,-2,-1,-1,0,0,0,1,8,-2,0,-1,2
2014-02-13,2,8,0,9,0,-1,-1,4,-1,2,-1,8,1,0,0,6,4,2,11,0,0,0,0,1,1,2,0,1,0,4,77,3,0,1,0,0,0,0,2,0,-1,1,0,3,0,-1,4,0,-1,2
2014-02-14,-1,2,0,9,1,2,0,0,-1,0,5,8,7,0,0,-3,0,6,-2,0,0,2,0,0,1,1,0,-1,0,2,11,5,1,4,0,0,0,0,0,1,0,1,0,0,-1,4,-2,1,-2,7
2014-02-15,0,1,0,3,1,2,0,3,0,3,2,-3,6,0,0,2,-1,0,0,0,0,2,0,0,0,0,0,0,0,2,2,1,1,1,0,0,0,0,0,2,0,1,0,0,2,4,0,0,0,3
2014-02-16,-1,-1,0,-4,0,1,0,1,-1,0,-1,1,1,0,0,-2,1,1,0,0,0,-1,-1,0,0,0,0,0,0,-1,3,1,0,2,0,0,0,0,0,1,0,0,0,0,0,0,-1,0,0,1
2014-02-17,0,0,0,5,0,-1,0,-2,0,-1,0,-1,4,0,0,2,-3,0,4,0,0,3,1,-1,0,0,0,0,0,0,2,0,0,-1,0,0,0,0,2,1,0,-1,0,0,0,4,2,0,8,1
2014-02-18,1,1,0,0,1,1,0,3,0,0,-1,1,5,2,0,6,3,-5,5,1,0,3,5,1,0,3,0,-1,-2,0,12,3,3,-2,0,0,0,1,1,1,0,0,1,2,-1,6,2,0,3,1
2014-02-19,-1,2,0,11,1,-2,0,0,1,0,5,2,4,-2,0,6,-1,-2,4,0,9,4,-2,1,1,-1,0,-1,-4,1,12,-1,0,1,0,1,3,-3,4,1,0,0,0,0,0,2,-3,-3,-2,5
2014-02-20,0,1,0,-4,0,0,0,2,-1,3,3,0,6,-2,0,4,3,4,8,0,-1,-3,3,0,1,1,0,0,-1,2,15,1,2,1,-1,0,-2,0,1,0,0,0,0,1,0,3,3,-1,-8,5
2014-02-21,0,0,0,-2,0,0,0,2,1,0,-1,7,-1,2,0,5,4,-2,5,0,6,3,2,0,1,4,0,-1,0,3,6,2,1,2,-1,1,-2,0,3,-1,0,0,-1,0,0,2,8,-5,-10,2
2014-02-22,0,0,0,-1,1,0,0,-4,-1,1,1,2,1,0,0,6,1,-4,2,0,1,1,-2,0,0,3,0,0,1,-3,1,0,0,2,0,-2,0,0,-1,0,0,0,2,0,-2,2,-5,-3,-2,0
2014-02-23,0,2,0,-1,0,0,0,-1,3,1,0,0,1,1,0,0,1,-3,2,0,-1,-1,0,3,0,0,0,0,0,0,4,0,0,0,0,0,0,0,1,0,0,0,0,0,0,-1,0,-1,-2,2
2014-02-24,-1,7,0,8,0,-2,2,4,0,1,1,2,2,0,0,0,1,4,3,0,-3,4,2,1,0,1,-1,-1,-1,0,2,-2,0,5,0,-1,0,-1,6,-1,0,0,-1,0,1,1,8,-2,1,-2
2014-02-25,2,3,0,11,-1,0,2,3,1,1,3,8,2,23,0,5,0,0,4,0,-1,3,5,1,-1,0,0,1,0,1,7,-1,4,-2,0,4,1,0,4,-1,0,0,0,0,-1,-1,6,2,4,1
2014-02-26,0,-1,0,9,-1,-1,3,-3,-1,-2,2,5,6,4,0,1,2,-4,3,0,0,7,3,0,1,1,0,0,0,-1,2,-1,1,0,-1,1,-1,0,4,1,0,0,0,0,1,1,0,-2,1,0
2014-02-27,5,1,0,4,0,0,2,-1,0,0,1,4,5,3,0,2,0,6,1,0,0,0,2,0,0,1,0,4,0,1,6,-2,0,0,3,4,0,0,2,-1,0,0,0,0,3,3,-2,1,1,3
2014-02-28,3,0,0,5,1,1,0,-6,1,0,-2,-1,2,-1,0,1,2,-1,7,0,-1,8,0,4,0,1,0,3,-1,-5,11,4,1,2,-1,6,0,0,2,-2,1,1,0,0,1,8,0,6,0,-1
2014-03-01,1,1,0,4,0,0,0,1,0,0,0,7,2,-1,0,2,1,1,0,0,0,0,0,0,0,2,0,0,0,-2,1,0,0,0,1,1,0,0,-1,0,0,0,0,0,0,1,8,0,0,1
2014-03-02,1,1,0,-1,1,0,0,-2,0,0,0,-1,1,1,0,-1,0,1,7,0,0,0,0,-1,0,-2,0,0,0,-1,2,0,-1,0,0,0,2,0,1,0,0,0,0,0,1,0,0,1,0,0
2014-03-03,0,-3,0,2,-1,2,0,4,0,0,1,3,6,2,0,4,1,-2,3,0,1,6,1,0,1,-1,0,0,0,0,5,1,-1,0,0,-1,4,0,0,-1,1,0,0,0,-1,4,1,5,-3,3
2014-03-04,-1,3,0,8,1,0,-1,-3,0,1,0,3,3,3,0,2,2,2,3,0,2,2,0,0,4,2,0,0,-1,4,10,-3,3,1,1,2,0,0,4,0,0,1,0,0,1,-1,3,1,7,2
2014-03-05,2,5,0,26,1,0,-1,1,-3,1,0,7,8,5,0,-2,2,-3,8,0,-1,0,4,0,0,0,0,0,-1,4,6,0,0,1,1,-4,0,0,2,0,1,1,1,0,0,0,0,-11,5,2
2014-03-06,0,1,0,24,0,-1,0,-6,0,0,0,6,2,3,0,1,1,-4,4,0,1,4,0,1,0,5,0,1,-2,0,0,3,1,0,-1,2,-1,1,13,-1,1,-1,0,0,3,3,1,2,-4,0
2014-03-07,0,7,0,-2,0,2,0,-1,0,1,-2,-1,5,-1,0,4,2,1,1,0,0,1,4,1,2,1,0,0,0,0,3,2,0,2,0,0,1,-1,4,0,1,0,0,0,0,2,1,-1,-3,3
2014-03-08,0,-9,0,-2,0,0,0,0,0,2,0,-1,0,0,0,-1,-1,0,1,0,-1,-1,0,0,1,0,0,0,0,0,0,0,3,2,0,0,1,-3,0,-1,0,0,0,0,-1,6,-1,-3,-1,1
2014-03-09,1,-2,0,8,0,-1,0,-2,0,0,-2,0,1,0,0,2,1,0,-2,0,0,0,0,0,-1,1,0,0,0,0,1,-1,1,0,0,-1,2,0,-1,-1,0,0,0,0,0,3,2,-2,5,2
2014-03-10,1,-6,0,8,0,1,-1,-1,-1,0,2,3,4,-2,0,3,1,-1,6,0,0,-1,-4,-1,2,0,0,1,-1,1,5,0,1,2,0,0,3,0,1,5,0,2,0,0,-1,-1,0,-3,13,5
2014-03-11,0,-2,0,-2,0,0,2,4,1,1,3,5,-3,0,0,-1,1,3,2,0,0,0,-16,-1,-1,0,0,0,0,2,5,1,-2,1,0,0,1,1,4,0,0,0,0,0,0,11,1,-2,10,0
2014-03-12,-1,9,0,7,2,2,0,0,0,0,2,4,9,1,0,1,0,4,-1,0,1,2,-1,0,1,1,0,1,-1,4,1,13,1,0,-1,0,-1,0,6,-1,0,1,0,0,-1,5,6,-3,-1,0
2014-03-13,-1,-3,0,4,0,0,0,2,3,0,-1,1,0,0,0,5,1,-2,1,0,0,1,-2,1,1,-3,0,0,-1,0,3,-1,2,1,1,0,1,-1,1,-1,1,2,1,0,-1,3,1,0,1,2
2014-03-14,0,2,0,-17,0,5,1,-9,4,1,3,4,-2,0,0,-1,2,-7,2,0,0,2,2,0,1,0,0,0,0,2,8,2,0,1,0,3,-1,0,8,-2,1,-1,0,0,0,-2,2,-2,-3,5
2014-03-15,0,-1,0,0,0,0,0,-1,1,1,1,1,0,1,0,-1,1,-1,2,0,0,0,0,0,0,0,0,0,0,0,0,1,0,0,0,0,0,0,0,0,0,-1,0,0,-1,1,-1,0,-2,1
2014-03-16,0,-5,0,5,0,0,0,1,1,0,-1,1,0,2,0,1,1,0,1,0,0,-1,0,0,0,0,0,0,0,0,1,1,0,0,0,0,0,0,3,1,0,0,0,0,0,1,-2,1,1,0
2014-03-17,-1,0,0,0,-1,-1,0,-6,2,4,-2,-1,-1,1,0,-1,1,-2,-1,0,0,0,2,0,0,1,0,-1,0,1,3,-1,3,1,0,0,3,0,1,3,0,0,2,1,0,2,3,-5,1,-2
2014-03-18,0,1,0,11,0,-2,0,2,0,-1,1,0,-2,2,0,0,-1,2,6,0,1,1,-2,0,1,2,0,0,1,-5,3,2,0,2,0,1,0,0,-2,0,0,1,0,0,0,2,3,1,-2,2
2014-03-19,1,3,0,10,0,0,0,11,3,0,-4,0,5,0,0,3,-2,6,5,0,0,0,-2,1,0,-1,0,0,2,-10,1,0,0,1,0,0,1,0,5,-2,0,0,0,0,1,-1,4,-2,-2,2
2014-03-20,1,4,0,10,0,4,0,0,5,0,1,1,1,7,0,-1,2,6,8,0,3,0,2,0,-2,0,1,0,0,0,3,4,0,0,0,1,0,0,8,-2,0,1,0,0,1,5,1,0,1,2
2014-03-21,0,8,0,16,-1,-4,0,9,0,-1,2,1,3,2,0,2,-2,5,3,0,0,3,1,1,0,-2,0,1,0,0,2,-1,2,0,1,0,-1,1,2,0,0,0,-1,0,2,22,1,12,5,2
2014-03-22,0,1,0,-2,0,0,0,-1,0,0,-1,0,1,0,0,-3,3,-1,2,0,2,1,0,0,0,0,0,0,0,1,1,0,1,0,0,0,2,0,1,1,0,0,0,0,-2,0,0,0,2,-1
2014-03-23,0,0,0,1,1,1,0,1,-1,2,0,-3,1,-1,0,-3,5,2,1,0,2,-2,0,0,0,-1,0,0,0,3,2,2,0,0,0,0,0,0,1,0,0,0,0,0,0,2,-1,2,0,1
2014-03-24,0,2,0,-6,0,-2,0,2,2,0,1,7,3,0,0,-4,1,6,1,0,-1,2,-2,0,0,0,0,0,0,-5,2,-4,-2,0,0,0,0,-2,15,0,-1,0,0,0,2,9,1,-4,3,0
2014-03-25,0,1,0,4,0,2,3,-1,-1,0,-1,14,3,1,0,27,11,2,4,2,0,5,1,0,0,-2,0,0,3,6,2,2,-1,0,-1,-1,1,2,1,2,0,2,0,0,0,-1,-3,3,2,-1
2014-03-26,0,-3,0,22,0,2,0,-23,0,2,5,7,6,2,0,2,2,-3,0,0,-1,6,-1,0,0,4,0,0,0,-3,2,2,2,3,0,0,2,-1,17,2,0,0,0,0,3,7,4,-6,1,0
2014-03-27,-1,-1,0,15,-1,2,1,-18,1,1,2,3,1,0,0,0,2,-1,2,0,-1,0,2,1,1,2,1,0,-1,0,6,3,1,0,0,0,0,2,7,-1,3,0,0,1,1,-4,1,1,3,7
2014-03-28,0,-3,0,-7,-1,3,0,-11,2,0,3,1,-2,-2,0,-3,2,0,1,0,0,3,9,1,0,1,0,0,0,-2,3,3,-1,0,0,0,2,0,-1,0,-1,1,1,0,0,-8,0,0,-4,4
2014-03-29,0,2,0,4,0,1,0,-2,0,0,2,0,-1,-1,0,1,1,-1,2,0,0,3,4,3,0,0,0,0,2,0,0,0,1,0,0,1,0,0,1,0,0,0,0,0,-1,6,1,0,-1,1
2014-03-30,1,-3,0,-2,0,1,0,-1,1,0,-1,0,1,1,0,0,2,1,0,0,1,-2,1,3,1,-1,0,-1,0,4,2,0,0,0,0,0,0,0,0,0,0,1,0,0,0,1,0,0,0,0
2014-03-31,0,2,0,12,0,1,-1,0,0,0,2,1,0,0,0,-4,0,2,7,0,1,0,0,5,0,2,0,0,-2,8,5,1,2,-1,0,0,3,0,3,-1,0,0,0,0,0,0,1,1,3,0
2014-04-01,0,4,0,2,0,2,0,-2,2,0,-4,0,0,0,0,11,1,5,2,0,6,2,4,-4,0,2,0,0,-2,5,2,1,2,2,0,3,0,0,14,0,0,0,0,0,-2,3,11,-1,1,3
2014-04-02,0,-1,0,1,-1,-1,-2,-3,0,1,0,5,1,0,0,2,0,1,3,0,3,2,-1,0,1,2,0,0,1,7,6,-4,2,1,0,0,-1,1,1,-2,-2,1,0,0,0,1,0,-1,4,2
2014-04-03,0,1,0,9,0,1,0,-1,0,1,0,3,2,0,0,-2,2,-3,6,0,9,-2,0,-2,0,3,0,0,0,4,7,2,2,-1,0,0,3,0,5,0,3,1,0,0,0,5,4,-5,4,-2
2014-04-04,0,4,0,4,0,-1,0,-3,-1,-1,2,1,1,-1,0,0,3,7,-2,0,1,-4,3,0,5,2,0,0,0,1,5,1,1,3,-1,0,1,2,1,0,0,1,0,0,2,-11,4,3,-1,-2
2014-04-05,0,-1,0,-6,0,-1,0,1,0,0,1,-3,-2,0,0,-2,1,4,-2,0,0,-2,-1,1,0,0,0,0,0,0,1,0,0,0,0,0,0,0,1,0,0,0,0,0,0,3,0,1,0,2
2014-04-06,1,0,0,0,0,-1,0,-1,0,1,1,3,0,-1,0,-2,2,0,2,0,3,1,0,1,0,2,0,0,-1,5,5,-1,0,0,0,0,-1,0,2,2,0,0,1,0,0,0,0,1,2,3
2014-04-07,0,4,0,16,1,0,1,18,0,0,2,1,6,1,0,6,7,9,9,0,1,2,5,0,-1,2,0,0,1,1,10,6,-6,0,0,0,0,-1,10,1,0,0,-1,0,3,6,1,6,1,4
2014-04-08,0,0,0,11,-1,-1,-1,-5,0,1,-1,2,1,1,0,-2,1,0,5,0,1,1,-1,1,1,1,0,0,1,2,5,-3,0,3,-1,2,2,0,4,1,-1,0,2,0,3,-5,3,3,1,-3
2014-04-09,0,0,0,18,0,1,0,-2,0,2,2,2,0,0,0,13,3,2,-3,0,5,2,-2,0,6,-1,0,0,0,-1,7,-1,8,1,0,3,2,0,6,-2,0,0,1,1,0,10,0,-1,0,3
2014-04-10,0,5,0,2,0,0,0,13,2,2,-1,1,0,1,0,17,3,10,3,-1,2,-2,1,0,3,0,0,0,1,-1,6,3,1,0,0,4,2,1,3,-1,-1,0,-2,0,0,2,1,10,2,0
2014-04-11,3,2,0,13,1,0,0,1,1,0,1,2,3,1,0,3,0,-10,5,0,0,-1,-2,1,3,2,0,0,0,0,6,2,-1,1,0,0,0,0,6,2,0,0,0,0,0,-8,1,10,-1,4
2014-04-12,0,0,0,-1,0,0,0,-4,0,0,0,5,0,0,0,1,1,-3,-1,0,0,3,1,1,1,1,0,0,0,0,0,0,0,0,0,0,0,0,-1,0,0,0,0,0,2,4,0,0,-4,1
2014-04-13,0,1,0,4,0,0,0,-5,0,0,-1,2,-1,1,0,-5,0,0,1,0,2,-1,0,0,1,2,0,0,0,4,4,1,1,0,0,1,0,0,-1,0,0,0,1,0,2,0,0,4,0,-3
2014-04-14,0,0,0,19,1,1,-1,17,0,0,5,2,3,8,0,2,-5,-8,6,0,16,14,5,4,0,7,0,0,0,3,6,3,4,1,0,0,1,0,-1,2,-1,2,2,1,1,17,2,-5,5,5
2014-04-15,1,-3,0,10,1,0,1,8,0,-1,-1,3,-1,3,0,3,24,5,24,0,8,4,5,1,0,6,0,0,1,0,5,3,3,0,0,2,3,1,1,4,0,2,0,0,1,8,2,4,3,6
2014-04-16,5,2,0,-13,0,0,0,-6,0,0,2,2,7,1,0,-29,11,-7,20,0,-1,7,2,0,0,3,0,0,0,0,31,2,5,3,0,-1,5,1,3,-1,-1,-1,0,2,-1,2,0,-3,2,-1
2014-04-17,3,-1,0,18,2,3,0,2,-1,0,2,-1,15,3,0,-5,7,4,8,0,2,15,1,0,1,1,0,0,-1,0,67,-2,3,3,0,2,6,0,1,-1,2,7,0,0,3,5,0,2,3,2
2014-04-18,0,1,0,5,1,2,0,2,0,0,0,0,0,0,0,-3,0,1,2,0,4,0,0,1,-1,0,0,0,0,0,4,1,0,0,0,0,0,0,0,1,0,1,0,0,0,1,1,-1,0,0
2014-04-19,0,2,0,-1,0,1,0,0,0,0,-2,0,1,-1,0,-4,5,-1,1,0,1,-3,1,0,0,0,0,0,0,-1,3,-1,0,0,0,0,2,0,1,0,0,0,0,0,3,1,0,-1,0,-1
2014-04-20,1,2,0,-1,2,0,0,4,0,0,1,1,2,1,0,-1,2,2,3,0,1,-1,2,0,-1,0,0,0,0,0,1,-2,0,0,0,1,1,0,1,0,0,0,0,0,0,1,1,0,2,1
2014-04-21,8,2,0,4,1,2,0,-3,0,-3,0,2,5,-1,0,-3,0,1,-2,0,5,-2,3,1,0,3,0,0,0,3,7,10,1,1,0,1,4,1,1,-2,0,1,0,0,1,-1,5,0,2,5
2014-04-22,12,-1,0,13,2,1,0,1,0,0,0,1,0,7,0,0,3,0,7,0,1,-2,-10,0,0,0,0,-1,2,2,4,3,4,0,0,2,0,0,10,-1,0,0,0,0,1,-1,1,0,3,4
2014-04-23,-11,8,0,2,0,-1,0,0,-2,1,0,1,0,5,0,-3,1,-3,1,0,0,0,-1,0,-1,1,0,0,-1,1,6,-1,3,0,-2,1,4,0,19,1,0,0,0,0,0,7,0,1,4,3
2014-04-24,-3,1,0,1,0,1,0,-5,1,0,-1,1,1,3,0,-4,4,0,-4,0,2,-3,-2,0,4,-1,0,0,2,1,5,0,-3,-1,0,1,1,0,0,0,-1,1,1,-1,0,5,12,-4,-2,2
2014-04-25,1,1,0,-5,0,1,0,-2,1,0,2,0,0,-2,0,-4,3,0,8,-1,-1,-4,6,0,2,0,0,0,0,1,3,-1,3,0,0,0,2,0,4,1,0,-1,0,0,1,-2,4,1,0,3
2014-04-26,1,1,0,-6,0,0,0,1,0,0,-1,-1,1,0,0,0,1,-1,2,0,1,0,1,0,-1,0,0,0,0,0,2,2,0,1,-1,0,0,0,0,0,0,0,0,0,0,0,-1,0,0,-1
2014-04-27,0,0,0,4,0,-1,1,2,0,1,-1,0,6,0,0,-1,3,0,-1,0,2,1,1,0,-1,1,0,0,0,6,4,2,0,0,0,0,2,0,3,1,0,0,0,0,0,1,-1,-1,1,-1
2014-04-28,-2,0,0,-22,0,-2,2,-5,0,1,2,-1,3,-2,0,-11,-3,0,5,0,3,-10,4,0,9,4,0,2,0,0,15,19,2,2,0,-1,-1,-1,14,1,1,1,0,0,0,2,0,1,4,4
2014-04-29,2,1,0,4,0,1,1,3,-2,1,3,3,3,-3,0,8,-1,2,5,0,2,-3,1,0,1,0,0,0,-1,0,9,4,-1,3,-1,0,1,2,30,0,0,0,0,0,1,2,2,2,4,6
2014-04-30,0,2,0,-4,2,6,-2,-3,0,1,1,0,2,3,0,2,2,0,5,0,3,4,3,0,5,3,0,0,-1,3,10,2,2,1,0,1,-1,-2,11,0,-2,0,-2,0,0,1,2,-3,2,7
2014-05-01,-2,2,0,-2,0,-1,-1,-1,0,3,-1,0,1,0,0,-5,5,-6,6,0,1,12,-1,1,1,3,0,0,0,-4,5,-2,5,0,0,0,0,0,6,1,2,0,1,1,-2,1,0,1,5,1
2014-05-02,-1,-1,0,3,1,1,1,-3,0,-1,-3,5,3,2,0,-1,3,-9,3,0,-1,9,2,0,1,1,1,1,0,0,4,-4,0,0,0,0,0,0,-4,-1,0,2,0,0,1,6,-1,0,0,3
2014-05-03,0,0,0,-2,0,1,0,1,0,0,-1,2,1,0,0,0,0,0,-2,0,1,1,0,0,1,1,0,0,1,0,1,5,1,0,0,0,1,0,0,-1,0,0,0,0,0,0,0,-1,0,-1
2014-05-04,0,-1,0,0,0,2,0,0,0,0,0,3,0,0,0,-1,1,1,3,0,0,1,2,2,0,0,0,0,0,-1,3,1,-1,0,0,0,1,0,1,-1,0,0,0,0,1,0,-1,0,2,0
2014-05-05,2,4,0,-4,2,1,0,-4,0,0,1,3,4,1,0,0,4,-11,4,0,0,-1,3,-1,0,0,0,0,0,2,5,5,2,1,0,0,1,-1,11,0,0,0,0,0,-1,-1,0,-1,3,1
2014-05-06,0,2,0,10,2,1,2,-2,0,2,-2,21,5,2,0,-3,2,-8,6,0,-1,2,1,-1,2,-2,0,0,0,1,7,5,0,2,-1,0,0,1,5,2,0,2,0,0,-1,4,4,1,2,-3
2014-05-07,7,3,0,10,0,-2,-3,-3,0,0,-1,16,0,1,0,3,0,1,4,0,0,1,2,-1,-2,-3,0,0,0,1,17,0,3,0,0,0,1,0,12,1,0,2,0,0,0,9,3,2,5,-2
2014-05-08,0,1,0,1,-1,0,0,3,0,3,0,9,1,1,0,2,-1,3,4,0,1,1,4,0,-1,0,0,0,0,3,6,6,0,1,0,-1,0,0,8,-1,1,1,0,0,1,3,0,1,-1,-1
2014-05-09,1,1,0,-2,1,-4,-1,1,1,1,-2,5,1,1,0,0,6,-6,1,0,1,0,5,2,0,2,0,0,1,3,5,3,3,1,0,1,0,0,6,-1,0,0,0,0,0,4,3,-1,4,-1
2014-05-10,0,1,0,-3,1,0,0,0,0,0,0,3,0,0,0,0,5,0,2,0,1,0,0,1,0,1,0,0,-1,2,4,2,1,0,0,0,0,0,-2,0,0,0,0,0,1,1,0,1,0,2
2014-05-11,0,2,0,0,0,1,0,0,-1,-1,3,0,-1,0,0,2,3,-4,-1,0,1,0,-1,0,0,0,0,0,0,1,2,2,0,0,0,0,0,0,-1,1,0,0,0,0,0,2,1,0,0,1
2014-05-12,-9,2,0,12,0,0,0,7,0,0,0,0,3,-2,0,1,0,2,0,0,3,1,1,0,0,-3,0,0,1,-1,7,-1,1,1,0,2,-1,0,2,2,0,0,0,1,1,-2,-4,4,0,1
2014-05-13,-1,2,0,4,1,1,1,-4,1,1,1,2,-2,-2,0,2,4,1,11,0,2,1,4,-1,-1,0,0,0,0,-2,6,0,1,2,0,0,0,0,10,1,0,1,0,0,0,1,4,-1,6,1
2014-05-14,1,6,0,0,3,0,1,-2,0,0,-1,0,1,-4,0,1,0,-3,9,0,0,3,0,0,2,0,0,0,0,2,7,5,1,1,0,1,1,0,0,-1,0,1,0,0,0,2,0,3,3,-2
2014-05-15,4,2,0,4,5,5,-1,1,0,0,-1,2,0,0,0,1,1,2,0,0,0,2,2,2,1,1,1,0,-1,3,4,2,0,0,0,0,0,0,8,-1,0,0,0,-1,0,6,14,3,-18,-4
2014-05-16,3,-1,0,-5,1,-1,1,3,0,1,0,3,5,8,0,3,0,2,0,0,0,-2,0,0,0,1,0,0,1,7,9,0,2,-1,0,0,0,-1,0,0,-1,0,1,1,2,0,10,4,0,2
2014-05-17,0,0,0,-3,-2,0,4,-1,0,0,0,0,2,-1,0,0,1,-1,0,0,1,1,0,0,0,0,0,0,-1,1,1,-1,1,0,0,0,0,0,-1,0,0,0,0,0,0,0,0,0,3,2
2014-05-18,1,1,0,-1,1,0,0,-5,0,3,-1,0,1,2,0,1,2,-4,1,0,1,0,1,0,1,0,0,0,0,0,2,1,1,1,0,0,0,0,6,1,0,0,0,0,1,1,-1,0,2,0
2014-05-19,0,-2,0,5,4,4,1,-3,2,11,2,1,0,5,0,6,2,0,1,0,1,-2,-1,-1,0,2,0,0,-1,1,16,8,3,2,0,1,0,0,21,0,0,0,0,0,1,2,8,-2,-1,1
2014-05-20,2,1,0,10,-1,2,2,4,2,1,-1,4,3,-12,0,-4,0,2,3,0,0,0,-5,1,2,0,0,1,1,4,3,-2,1,0,0,0,0,0,1,0,0,0,0,0,0,-1,-1,-2,-1,0
2014-05-21,4,3,0,7,0,-1,0,3,0,0,0,5,4,3,0,-5,2,7,3,-1,1,4,1,-1,3,2,0,0,0,4,4,2,2,0,0,2,2,0,6,1,0,0,0,2,1,-2,1,1,3,0
2014-05-22,0,2,0,3,0,1,0,0,0,0,1,4,1,2,0,3,0,1,3,0,1,-1,-2,2,1,1,0,0,1,1,5,4,0,4,1,-1,1,0,2,1,0,0,0,0,0,-1,1,4,3,2
2014-05-23,1,4,0,5,0,1,0,3,0,-2,-2,4,7,3,0,-1,5,-1,0,0,0,1,1,1,0,0,0,0,-3,0,1,0,1,-1,-1,0,0,-1,6,1,0,0,0,0,1,3,3,5,2,0
2014-05-24,1,1,0,2,1,1,0,0,0,0,0,1,1,0,0,0,1,0,1,0,0,-1,2,0,0,0,0,0,0,0,2,0,1,0,0,0,0,0,-1,0,0,1,0,1,0,-3,0,2,1,0
2014-05-25,0,0,0,3,0,0,0,0,0,0,0,-1,0,0,0,-1,1,-2,1,0,0,0,0,0,0,0,0,0,0,0,2,1,0,0,0,0,0,0,1,1,0,0,0,0,0,1,1,1,1,0
2014-05-26,1,0,0,-2,0,1,0,0,0,0,1,-3,0,1,0,0,0,0,2,0,1,1,-1,2,0,0,0,0,0,2,3,2,0,1,0,0,0,0,3,0,0,0,0,0,0,0,1,-1,3,1
2014-05-27,3,1,0,12,0,-1,1,1,-1,2,0,0,-2,4,0,-11,2,3,5,0,0,4,1,0,2,0,0,0,0,-1,5,2,0,1,-1,0,2,1,3,0,0,1,0,0,1,2,2,6,1,2
2014-05-28,-4,1,0,2,0,-1,0,-4,0,1,1,5,-2,3,0,-12,-1,-1,2,0,2,2,4,0,0,2,0,0,2,1,9,-3,0,2,1,0,-1,0,1,1,-1,-1,0,0,1,0,1,2,4,-2
2014-05-29,2,3,0,3,0,1,1,0,0,2,4,3,5,0,0,-1,2,0,3,0,0,-1,1,1,7,1,0,0,0,2,8,5,2,3,1,1,3,0,16,-1,0,0,1,1,-2,0,3,0,-3,0
2014-05-30,13,1,0,1,3,1,0,2,-1,2,3,7,-1,1,0,-2,1,-6,3,-1,0,1,0,1,-1,3,0,0,0,-1,5,3,3,0,-1,1,4,0,0,2,1,0,0,0,0,0,2,4,6,3
2014-05-31,0,0,0,0,0,0,0,2,0,0,0,1,2,1,0,0,0,2,-1,0,1,0,-2,1,1,0,0,0,0,0,4,0,-1,1,0,1,0,0,0,0,0,0,0,0,0,2,1,1,0,1
2014-06-01,1,2,0,-2,0,1,0,2,1,0,0,2,0,-1,0,0,-3,2,1,0,0,0,0,0,1,0,0,1,0,0,5,0,0,0,0,0,0,0,1,-1,1,0,0,0,0,1,0,0,1,1
2014-06-02,3,0,0,5,6,2,0,-1,-1,3,2,1,3,3,0,2,3,1,8,-1,3,4,1,2,3,2,0,0,0,1,6,2,2,4,-1,2,-1,0,5,0,0,-2,0,0,0,-3,-1,4,5,2
2014-06-03,2,4,0,6,1,1,0,5,2,0,-1,0,-2,2,0,5,4,1,5,0,0,2,2,0,1,4,0,0,0,1,4,-4,2,1,0,1,4,1,21,3,0,2,0,0,0,-3,6,8,4,3
2014-06-04,3,2,0,7,0,0,0,0,2,1,-1,3,3,2,0,2,1,0,2,0,1,-2,3,0,2,0,0,1,1,1,3,-1,2,1,-1,2,3,0,6,2,0,1,0,0,1,3,-2,4,3,3
2014-06-05,0,4,0,22,0,-1,-1,5,0,1,0,4,4,0,0,2,2,3,5,0,0,-2,2,1,2,1,0,0,-3,3,7,-2,0,-1,0,2,0,0,10,4,0,0,1,0,2,-2,-5,5,11,-1
2014-06-06,-2,2,0,14,0,-1,2,-2,1,0,1,5,1,2,0,-1,2,-3,-3,0,0,7,3,0,1,3,0,1,0,-2,4,2,2,2,1,0,2,0,2,0,0,0,-1,0,-1,3,-4,3,1,4
2014-06-07,0,1,0,4,0,0,0,0,0,0,0,0,4,1,0,0,2,3,2,0,1,1,0,0,0,1,0,0,0,1,3,-2,1,0,0,0,2,0,0,0,0,0,0,0,0,0,-1,-1,1,2
2014-06-08,0,0,0,6,0,1,2,3,0,0,1,0,-2,0,0,0,1,1,4,0,0,-2,1,0,0,0,0,0,0,0,2,2,1,0,0,0,1,0,1,0,0,1,0,0,0,0,1,0,-4,0
2014-06-09,1,0,0,7,-2,-2,0,-2,1,1,-1,2,4,0,0,3,-1,4,3,0,0,2,1,1,2,13,0,0,1,0,5,-3,0,1,0,0,-1,0,4,0,0,-1,1,0,0,-2,-1,4,3,-1
2014-06-10,-10,2,0,-3,3,-1,-1,1,1,0,-3,0,0,0,0,6,4,1,0,0,0,2,-1,0,3,1,0,0,2,-1,8,0,2,1,0,0,-1,1,3,-1,-1,-1,0,0,0,-4,0,5,4,-3
2014-06-11,-2,-2,0,4,0,0,3,0,0,-1,1,-2,4,2,0,2,3,1,2,0,0,2,-1,2,0,6,1,0,1,2,5,0,0,2,0,2,0,-1,3,0,-1,0,0,0,0,2,0,1,1,1
2014-06-12,-1,-4,0,3,1,-1,2,2,0,0,2,-3,-2,0,0,8,3,0,1,0,0,0,3,2,0,0,0,1,0,1,4,0,1,-2,0,1,-1,1,5,-3,0,0,0,0,1,4,-3,1,2,3
2014-06-13,0,4,0,6,1,1,1,0,2,1,3,3,-2,0,0,3,1,5,0,0,1,0,2,-1,0,-1,-1,0,0,-2,3,2,-1,1,-1,0,-1,0,-3,0,1,0,0,0,0,1,2,4,1,-1
2014-06-14,0,1,0,-2,0,2,0,1,0,-1,1,4,0,0,0,4,1,-2,0,0,0,0,1,4,-1,2,0,0,0,0,0,0,0,0,0,0,1,0,0,0,1,-1,0,0,-1,1,2,-1,3,-1
2014-06-15,0,0,0,0,0,0,0,1,0,0,0,1,0,0,0,0,1,0,2,0,-1,0,1,0,-1,0,2,0,0,0,1,1,1,1,0,0,0,0,1,-1,0,0,0,0,0,1,0,0,2,1
2014-06-16,-2,-1,0,6,1,1,0,3,-1,0,8,2,-1,4,0,1,4,-4,3,0,-2,0,-1,15,0,1,0,0,1,-1,2,2,0,0,2,0,3,0,3,1,1,0,0,0,-1,-1,0,2,3,4
2014-06-17,-2,4,0,3,-1,-1,1,0,0,1,-1,6,-1,1,0,5,4,2,0,0,1,3,0,7,-2,2,0,1,0,-5,2,-3,-2,-1,0,0,2,1,0,0,0,0,0,0,1,2,-2,5,-2,-1
2014-06-18,4,4,0,4,0,4,1,-3,0,1,0,3,3,0,0,0,3,-3,4,0,-1,2,0,1,3,3,0,0,0,1,13,0,1,2,0,-4,1,0,13,1,1,0,0,0,2,-1,6,-1,0,2
2014-06-19,0,-2,0,5,0,0,-2,3,0,0,1,1,8,2,0,3,0,-2,7,0,1,3,0,5,0,1,0,0,1,-25,9,1,4,1,0,1,2,0,5,2,0,2,0,1,1,3,1,0,-1,-6
2014-06-20,0,4,0,6,1,2,6,-1,0,1,0,5,11,0,0,2,9,3,5,0,10,3,1,5,6,1,0,0,2,12,12,3,5,3,0,0,0,1,1,0,3,0,0,0,1,-1,-1,2,1,0
2014-06-21,0,-1,0,-1,0,0,0,1,0,-1,0,1,2,0,0,2,3,1,0,0,1,3,0,-1,0,1,0,0,0,-1,0,0,0,0,0,0,0,1,1,-1,0,0,0,0,1,3,-1,0,0,0
2014-06-22,0,0,0,0,1,0,1,0,0,0,1,1,4,0,0,1,4,1,1,0,2,-2,1,0,1,0,0,0,0,2,2,2,0,1,0,0,0,0,3,0,0,0,0,0,0,-3,0,0,1,1
2014-06-23,0,3,0,4,1,-1,2,2,-1,-1,0,-1,3,0,0,2,5,8,1,0,1,-3,1,0,1,2,0,0,2,9,4,0,3,0,2,0,1,0,3,-1,0,1,1,0,0,-1,3,6,1,4
2014-06-24,3,8,0,6,1,1,0,1,2,-1,1,2,0,2,0,3,3,3,4,0,2,5,-3,3,-3,2,0,0,3,6,2,-1,1,4,-1,-3,1,0,2,2,0,0,1,0,1,3,1,-1,-2,1
2014-06-25,4,4,0,4,2,-2,2,-1,0,1,-4,0,4,2,0,-3,-1,-2,-1,0,1,-2,0,1,0,0,0,0,3,0,3,4,7,-1,0,1,17,0,11,1,2,0,0,0,0,-1,0,-3,2,1
2014-06-26,4,5,3,5,0,0,0,5,0,2,0,2,-1,1,0,0,5,5,-1,0,4,2,0,1,0,2,0,0,2,1,0,3,0,5,1,-1,6,0,0,-1,0,1,0,0,0,-1,-1,2,1,3
2014-06-27,1,3,-1,-2,6,-2,1,-2,0,0,0,3,0,0,0,-4,0,1,4,0,1,2,1,1,0,2,0,0,2,-2,1,6,0,-3,0,0,0,0,0,-2,0,0,0,2,-1,-2,0,1,0,-1
2014-06-28,0,0,1,3,0,0,1,2,0,1,0,2,4,1,0,2,1,-1,1,0,1,1,1,1,0,2,0,0,1,0,0,0,0,0,0,0,2,1,0,2,0,1,0,0,0,-1,1,1,0,0
2014-06-29,1,0,1,2,0,0,0,1,0,0,0,1,0,2,0,1,3,0,2,0,2,-1,2,0,0,2,0,1,2,2,0,3,2,1,0,0,0,0,1,-1,0,0,0,0,0,1,0,2,-1,0
2014-06-30,1,3,7,5,1,0,1,-2,0,2,-1,7,3,1,0,1,1,3,1,0,-1,1,-1,1,-1,2,0,-1,3,-1,3,3,0,2,0,0,0,2,3,2,0,-1,0,1,1,1,1,2,2,0
2014-07-01,2,5,3,4,1,2,0,2,1,0,1,5,-2,-1,0,-6,2,-6,3,0,0,10,0,0,0,4,0,2,-1,1,3,-4,2,1,0,-1,2,2,3,1,0,2,0,0,0,5,4,6,0,-1
2014-07-02,-1,6,2,29,5,1,0,-8,2,2,-2,1,1,1,0,1,3,-8,2,0,6,4,-2,1,1,4,0,1,1,0,7,2,0,2,0,-1,0,0,0,3,0,-1,1,1,0,9,5,1,3,0
2014-07-03,-2,-2,3,6,0,0,0,4,0,0,-1,1,2,0,0,1,3,-2,4,0,0,1,-3,2,0,0,0,0,0,0,6,1,-1,1,0,-3,1,0,1,-1,0,-3,0,0,-1,3,3,-6,1,2
2014-07-04,0,-2,-2,3,0,0,-1,0,0,0,1,0,2,2,0,0,0,-1,1,0,0,-1,1,1,0,0,0,0,0,1,4,1,1,0,0,0,0,0,0,0,0,0,0,0,0,0,0,-1,0,2
2014-07-05,0,1,0,-2,0,0,-2,3,0,0,1,-1,0,1,0,0,2,-2,0,0,1,-1,0,0,0,1,0,0,1,0,1,0,0,0,0,0,0,0,0,0,0,-1,0,0,0,-2,0,2,1,0
2014-07-06,0,2,3,2,0,1,0,-1,0,0,-1,2,1,-1,0,0,0,0,-1,0,0,0,3,-1,0,2,0,0,0,-1,0,0,1,0,0,0,0,0,0,0,0,0,2,0,0,1,0,-1,1,0
2014-07-07,-1,9,1,8,2,1,2,3,0,1,6,3,4,0,0,1,4,-1,3,0,0,0,1,0,0,1,-1,0,1,5,5,1,3,1,0,1,0,0,4,-1,0,1,1,1,-1,3,1,8,-1,1
2014-07-08,3,9,4,10,0,0,0,8,0,0,3,-1,3,2,0,-1,-2,4,3,0,-1,0,0,2,0,0,0,0,0,1,2,4,2,-4,-1,0,1,0,2,1,0,0,0,0,-2,1,2,8,2,2
2014-07-09,2,9,-1,-2,0,1,-1,6,0,1,3,5,4,2,0,3,2,-2,3,0,1,1,2,0,5,3,0,0,0,0,0,5,7,0,0,-1,3,-1,0,0,1,0,1,0,0,2,0,-2,-3,1
2014-07-10,5,0,3,0,1,2,0,-2,0,0,0,1,1,-1,0,-1,0,6,-5,0,-1,1,1,2,1,2,0,0,-1,-8,3,3,1,0,0,1,2,2,3,-1,-1,0,0,0,1,3,1,-4,2,4
2014-07-11,0,0,3,1,1,2,0,-4,1,-2,-1,3,10,1,0,2,2,1,1,0,-1,0,2,-1,4,1,0,1,0,0,2,1,1,2,0,2,-1,1,3,0,0,2,1,0,0,4,-1,8,1,-1
2014-07-12,0,1,8,3,0,0,1,0,0,1,2,1,4,1,0,2,0,-3,0,0,0,1,1,0,-1,1,0,0,0,0,0,1,0,0,0,0,0,0,1,0,0,1,0,0,0,0,3,5,-1,-1
2014-07-13,0,1,0,2,-1,-1,0,0,0,1,3,-1,0,1,0,0,2,1,2,0,3,1,0,-1,0,0,0,0,0,0,0,0,1,0,1,0,1,0,0,0,0,0,0,0,0,1,2,2,3,-2
2014-07-14,1,5,5,4,0,-1,0,31,1,5,1,3,4,1,0,0,8,0,2,0,4,5,1,0,1,4,0,1,2,1,9,4,1,1,0,5,3,2,2,0,0,-2,0,0,2,15,3,7,2,-1
2014-07-15,1,5,10,5,2,0,0,12,1,1,0,3,-2,0,0,9,17,35,2,0,1,6,1,1,0,3,-1,0,6,1,4,1,2,-1,0,4,1,0,-1,1,0,0,0,0,0,7,-1,0,0,1
2014-07-16,7,3,15,1,0,2,1,6,5,0,0,6,6,0,0,-4,4,0,-1,0,-2,5,3,0,-2,2,0,0,-1,2,9,2,-1,2,0,0,0,-1,4,1,0,-2,1,0,-3,3,5,-1,4,1
2014-07-17,2,-11,-2,2,1,1,0,2,0,0,-2,2,1,4,0,17,3,2,2,0,0,1,2,-1,1,0,0,1,-3,0,4,-1,-1,13,0,1,1,1,0,1,0,0,0,0,0,3,2,-1,0,-1
2014-07-18,1,-3,4,4,0,-1,0,-4,0,1,-4,8,9,-1,0,8,1,-3,12,0,1,-2,3,0,2,2,0,0,0,-2,7,2,1,5,-1,0,2,0,5,0,-1,1,0,0,0,1,5,-1,2,2
2014-07-19,0,2,4,3,0,0,0,1,0,1,0,0,1,-1,0,5,-1,0,0,0,-1,0,0,0,0,0,0,-1,-1,0,1,-4,0,1,0,-3,0,-1,1,1,0,0,-1,0,0,0,1,0,1,0
2014-07-20,0,0,2,1,-1,0,0,-3,1,3,1,1,3,0,0,0,1,0,0,0,1,-1,0,1,-1,1,0,0,0,0,3,0,0,0,0,-1,0,1,2,0,0,0,0,0,0,0,2,0,-5,2
2014-07-21,1,-2,4,5,2,-1,-1,4,3,0,1,1,9,2,0,8,2,7,9,0,2,1,2,0,-1,0,0,0,0,-3,6,3,1,1,0,-4,1,0,1,0,-1,1,0,1,2,2,5,6,2,4
2014-07-22,2,7,3,6,0,0,0,-2,1,0,-1,-1,3,1,0,3,6,0,-4,0,1,3,-17,0,8,-1,-1,0,0,-2,17,3,1,1,1,3,1,0,1,0,0,0,0,0,1,3,15,-1,1,1
2014-07-23,2,27,2,0,1,1,0,2,2,0,0,1,2,0,0,13,1,4,2,1,0,3,-4,4,1,2,0,0,0,-2,77,1,2,0,0,2,2,4,7,-1,0,1,-1,0,3,9,9,-1,2,1
2014-07-24,0,-1,0,4,8,1,0,2,0,1,4,5,8,1,0,5,2,2,9,1,0,0,-5,0,0,0,0,0,1,-3,26,2,2,0,1,0,0,1,9,0,0,0,5,0,0,-1,3,2,2,-1
2014-07-25,1,2,4,11,-1,-1,1,11,1,1,-1,4,4,3,0,3,-1,3,6,0,1,5,9,1,1,1,0,1,-1,1,14,-1,1,0,-1,0,0,-1,2,0,-1,-2,0,-1,0,11,5,4,-2,-2
2014-07-26,0,1,1,1,0,0,0,4,0,0,1,3,3,0,0,1,-1,-1,7,0,1,-1,2,0,0,-2,0,0,0,0,9,2,0,0,0,0,1,1,-2,0,0,-1,0,0,0,-1,3,0,0,0
2014-07-27,0,1,2,0,1,0,0,-1,0,2,0,0,1,0,0,-1,1,0,0,0,0,1,-1,0,2,2,0,4,0,0,0,0,0,1,0,0,0,0,1,0,0,0,0,0,-1,0,-3,0,-2,0
2014-07-28,0,8,6,2,-1,-1,0,1,1,0,0,0,4,1,0,-2,1,4,3,0,0,2,-10,0,0,4,0,2,1,3,5,-5,3,3,1,5,0,2,7,-1,0,-2,0,0,2,3,5,3,-4,1
2014-07-29,-1,0,3,2,3,-1,1,3,0,-1,-2,4,8,0,0,4,2,0,-1,0,-1,0,-2,1,0,11,0,0,1,0,3,8,1,-1,0,3,0,0,32,1,0,1,0,0,0,-1,25,-3,9,-2
2014-07-30,-1,2,2,1,0,2,1,4,0,-1,1,8,4,0,0,0,-1,-2,3,0,0,-1,-2,3,2,3,0,0,-1,2,3,-3,1,-1,-1,-1,0,1,6,0,-3,0,0,0,0,1,5,-1,2,2
2014-07-31,0,4,10,12,0,-1,1,3,0,1,3,4,-6,3,0,0,0,3,2,0,3,16,-1,4,-1,1,0,-2,0,1,6,0,5,2,0,0,-2,6,6,0,2,0,2,0,0,9,5,5,7,4
2014-08-01,-5,-2,-3,-11,-1,-1,1,8,0,0,3,6,3,-1,0,4,2,0,3,0,0,0,-3,-1,1,0,0,0,0,-1,4,1,0,-1,0,-1,0,2,4,1,0,0,0,0,2,1,4,0,0,-7
2014-08-02,1,3,0,-2,0,0,0,0,0,0,0,1,2,1,0,0,0,1,0,0,3,2,1,0,0,-2,0,0,1,0,0,0,0,0,0,0,1,1,0,0,0,0,0,0,0,1,1,1,-2,-1
2014-08-03,1,0,2,-1,0,0,0,-4,0,0,-1,2,-2,-2,0,0,0,-2,0,0,0,0,-2,-1,0,3,0,0,1,-1,0,2,2,0,0,0,0,0,2,-1,0,0,0,0,0,0,-1,0,-1,0
2014-08-04,1,2,1,7,1,0,0,1,0,3,2,28,2,1,0,0,4,1,3,0,0,0,2,0,0,0,0,0,0,0,2,-1,3,1,0,0,1,-1,4,0,0,1,1,0,-1,4,7,1,0,2
2014-08-05,2,3,2,6,1,4,2,5,0,13,3,56,8,0,0,-1,4,4,5,0,-1,1,8,-2,1,4,0,0,1,0,4,6,1,0,-1,3,4,1,5,2,0,0,0,0,0,3,1,1,0,2
2014-08-06,2,10,2,11,1,-1,0,-3,0,0,2,27,8,0,0,1,4,-1,3,0,1,-1,5,-1,0,2,0,0,0,0,4,2,-1,-1,0,1,2,0,-4,2,0,-3,-1,0,0,-1,2,5,5,1
2014-08-07,-1,8,7,-2,-1,0,0,-1,-1,3,2,10,10,3,0,3,8,-3,-2,0,1,3,-2,1,-1,0,1,3,0,-1,4,0,2,-1,0,0,2,0,-1,-2,-2,0,1,0,2,0,5,2,5,5
2014-08-08,1,2,1,-3,1,1,0,0,0,-1,0,7,2,3,0,0,-2,-3,2,0,0,-1,-2,1,0,1,0,1,-1,1,1,0,-1,1,0,0,1,0,0,1,-1,0,0,0,2,0,-1,2,-1,4
2014-08-09,1,6,0,3,1,0,0,2,1,2,0,0,1,2,0,1,1,1,-1,0,-1,0,0,-1,0,3,0,-1,0,-2,1,0,1,2,0,0,0,0,-1,-1,0,-1,0,0,0,1,-1,3,3,-1
2014-08-10,1,1,0,2,0,0,0,0,0,0,2,2,2,0,0,1,-2,1,1,0,0,2,0,0,0,1,0,0,0,0,0,0,0,0,0,0,0,0,2,0,0,0,0,0,1,0,2,2,0,0
2014-08-11,1,1,-4,-3,2,0,1,-1,1,0,0,6,1,0,0,5,3,-2,2,0,1,-2,-1,2,2,-2,0,0,2,0,10,5,2,2,0,0,2,19,5,1,0,1,0,0,1,1,2,2,5,6
2014-08-12,-1,5,4,-4,0,1,0,0,0,0,-1,1,1,-2,0,2,0,-2,0,0,0,-1,-2,1,4,1,0,-1,0,0,4,2,-1,-1,1,0,-2,9,4,1,-1,0,1,0,0,0,11,-1,-4,0
2014-08-13,-1,5,6,-4,0,1,0,-3,3,2,-1,4,0,5,0,2,6,-3,-1,0,0,8,2,2,3,2,0,1,2,1,9,3,2,0,0,0,2,14,11,0,0,-1,1,0,1,3,7,2,5,1
2014-08-14,0,16,3,1,-1,3,3,-4,2,0,-3,8,5,4,0,7,2,1,-7,0,1,0,2,0,0,2,0,0,0,2,6,-1,0,-2,0,-1,2,2,5,-1,0,0,0,0,0,-2,4,2,-15,2
2014-08-15,3,4,-4,4,0,0,0,1,5,2,0,6,1,3,0,2,2,1,-7,0,0,0,1,1,0,-2,0,0,0,1,4,-1,0,0,0,0,1,0,4,1,0,0,0,0,0,0,5,-2,6,0
2014-08-16,2,2,-2,1,0,0,0,0,2,0,0,2,1,1,0,1,0,0,2,0,1,0,0,1,1,1,0,0,0,2,2,0,0,-1,0,0,0,3,0,0,0,0,0,0,1,2,1,0,0,1
2014-08-17,-1,1,1,-4,0,0,0,-1,0,0,0,4,0,5,0,0,1,-1,1,0,0,1,2,0,0,0,0,0,0,0,2,0,0,0,0,0,2,1,0,-1,0,0,0,0,0,0,-1,0,-1,0
2014-08-18,0,4,4,4,0,1,-2,-3,1,0,0,11,9,3,0,3,2,-1,4,0,0,1,0,3,0,0,0,0,2,3,1,2,6,0,0,0,4,2,-2,0,1,1,1,2,0,0,-4,-1,-3,1
2014-08-19,-3,5,4,2,0,2,0,6,2,1,0,2,5,69,0,4,2,2,0,0,0,3,1,12,1,0,0,0,0,3,1,-2,-1,2,0,0,2,5,5,2,0,0,0,0,-1,5,4,1,4,1
2014-08-20,1,8,1,13,1,3,1,-1,1,0,4,4,3,18,0,0,3,3,1,0,1,3,4,0,1,0,0,0,2,2,2,0,2,1,1,0,1,3,-3,0,0,0,0,0,1,0,3,2,-2,3
2014-08-21,6,3,1,53,0,2,0,5,-1,3,2,6,3,7,0,8,3,14,2,0,3,2,5,0,1,2,0,1,0,2,4,2,3,0,0,0,-1,-1,3,0,0,-1,1,0,0,0,3,9,4,4
2014-08-22,-3,2,3,16,1,1,2,6,1,3,3,9,-1,1,0,7,1,5,4,0,2,-1,-1,7,2,0,0,0,0,-3,7,0,0,3,0,1,2,10,3,1,0,0,0,0,1,-2,7,0,3,-2
2014-08-23,0,1,-1,1,0,-1,0,4,1,0,0,0,1,2,0,0,0,2,-1,0,2,0,1,-1,0,1,0,0,0,0,2,2,0,-1,2,0,-1,-1,2,0,0,0,0,0,0,0,-1,2,0,2
2014-08-24,-2,1,2,0,0,0,0,-1,0,0,1,0,0,-1,0,1,0,0,-1,0,1,2,-1,1,1,1,0,0,1,0,4,2,-1,0,0,1,0,2,-1,0,0,0,0,0,0,0,1,0,0,1
2014-08-25,1,5,9,13,1,1,0,12,-1,-1,2,8,5,4,0,2,1,10,3,0,1,2,4,2,0,0,0,-1,0,-1,13,3,2,-1,0,0,0,2,0,-2,0,0,0,0,2,3,5,-3,0,4
2014-08-26,4,13,-2,10,0,-2,2,0,1,0,-3,3,-3,-1,0,1,-1,2,5,0,0,1,-1,5,0,-1,0,0,0,0,7,-3,-1,0,0,0,2,4,4,1,0,0,0,0,0,2,2,1,1,-1
2014-08-27,2,1,11,8,-1,1,-2,1,1,0,3,3,3,3,0,4,2,-3,0,-1,1,1,5,1,1,-1,0,0,-1,-2,3,3,2,0,1,0,2,0,14,0,2,0,0,0,0,4,4,1,2,6
2014-08-28,4,5,0,-5,2,0,1,-2,3,0,2,0,1,1,0,4,1,-8,3,0,-1,1,6,2,0,1,0,-1,0,1,0,4,1,0,0,0,0,1,2,0,0,0,0,0,-1,-2,2,1,-2,1
2014-08-29,0,0,9,4,-1,0,0,-2,0,0,1,2,2,6,0,2,3,-5,3,0,-2,0,-4,3,0,2,1,1,0,-2,2,5,2,1,-1,0,0,2,1,1,0,0,0,0,-1,-1,2,-1,6,2
2014-08-30,0,-1,0,1,0,-1,0,1,0,0,0,1,2,2,0,1,1,0,0,0,1,2,2,1,1,1,0,0,1,0,2,0,1,2,0,0,0,0,2,0,0,0,0,0,0,1,3,2,1,1
2014-08-31,0,0,3,1,0,-1,1,0,0,0,1,0,0,2,0,0,1,0,1,0,0,0,2,0,0,0,0,0,3,0,1,-1,0,0,0,0,0,1,1,0,0,1,0,0,0,2,1,0,0,0
2014-09-01,0,0,-1,1,0,0,0,2,1,0,0,-1,0,-2,0,1,0,1,1,0,0,5,-1,0,0,-1,0,0,1,0,0,-1,0,-1,0,0,0,1,1,0,0,0,0,0,0,4,2,0,-1,1
2014-09-02,1,3,9,5,-1,0,0,-3,2,0,2,5,6,-23,0,4,1,-1,2,0,1,10,11,1,0,1,0,-1,8,-5,5,-2,1,1,-1,0,0,7,3,1,0,1,0,0,0,5,1,1,0,2
2014-09-03,-1,3,3,2,0,1,0,7,1,-1,1,8,1,-8,0,-1,2,6,6,1,0,3,1,3,1,2,0,0,0,-2,4,-1,0,1,0,0,2,6,4,2,0,0,0,0,-1,8,0,1,1,1
2014-09-04,3,2,9,-6,1,-13,3,3,2,2,-3,0,0,-8,0,5,5,0,0,0,2,1,-3,1,-1,10,0,0,-1,-3,2,1,4,1,0,-2,-3,3,-1,0,0,0,1,1,-2,5,1,-1,7,-2
2014-09-05,-4,4,44,5,-1,6,0,7,0,2,1,4,4,5,0,0,-2,-1,0,1,0,1,1,1,0,-1,0,0,0,2,1,2,2,0,0,1,2,1,2,-1,1,0,0,0,1,0,-2,1,3,1
2014-09-06,1,-3,2,0,0,0,0,1,1,0,0,1,0,3,0,0,2,0,0,0,1,3,-1,0,0,0,0,0,0,1,1,0,1,0,0,0,0,0,0,-1,0,0,0,0,0,1,1,-1,-1,2
2014-09-07,0,2,16,0,3,0,0,1,0,0,0,7,0,1,0,1,-1,-1,0,0,0,1,1,0,0,0,0,0,0,-1,0,1,0,0,0,0,-2,3,1,0,0,0,0,0,0,0,0,-1,1,0
2014-09-08,0,9,43,1,0,-2,0,1,0,0,1,3,6,-5,0,1,4,-2,3,1,0,2,3,4,2,1,-1,0,2,3,2,2,3,3,0,1,-1,5,4,0,0,2,1,1,0,4,1,-2,1,0
2014-09-09,-1,9,38,4,1,-1,1,3,3,0,-2,2,-2,-4,0,-4,3,-2,0,0,2,6,1,4,0,2,0,0,3,1,3,3,3,1,0,0,-1,8,3,1,1,1,1,1,1,5,7,-2,8,1
2014-09-10,1,1,47,16,2,1,0,7,0,0,0,4,-1,-2,0,4,7,7,4,0,0,13,10,0,2,4,0,0,2,1,2,3,6,0,0,0,1,1,5,0,0,1,-1,0,1,16,-2,0,1,1
2014-09-11,0,5,23,13,0,-2,-1,-2,-1,1,4,6,-1,0,0,0,-2,0,2,1,1,9,-7,3,2,0,-1,0,0,0,4,2,1,2,0,1,5,3,6,-1,0,0,0,0,2,-1,4,-2,-1,8
2014-09-12,2,4,35,12,-1,-2,0,4,0,0,2,2,-1,0,0,0,6,1,1,0,0,-4,5,3,0,1,0,0,2,1,1,4,-1,1,0,1,3,8,8,-1,-3,0,0,0,0,4,11,-1,-1,-4
2014-09-13,1,-1,23,7,-1,0,-1,2,0,1,1,4,0,-3,0,3,1,3,0,0,0,2,5,2,0,-1,0,1,1,0,2,-1,1,0,0,0,1,1,1,0,0,-1,0,0,0,1,1,0,3,0
2014-09-14,0,0,24,1,0,0,0,1,1,0,0,4,-1,0,0,5,-1,2,1,0,0,2,1,0,0,0,0,0,1,1,3,0,-1,1,0,0,-1,0,6,0,0,0,0,0,0,1,2,-4,0,1
2014-09-15,1,5,62,10,-1,2,7,5,-1,1,0,-1,4,2,0,8,1,0,0,0,0,-2,6,0,6,0,0,-1,-1,2,6,5,2,2,0,0,1,10,9,-1,0,1,0,0,4,8,3,1,3,3
2014-09-16,2,2,67,7,-1,1,0,0,-3,1,5,-1,3,-1,0,4,1,5,1,0,1,6,1,5,-1,0,0,0,0,3,9,-1,8,-1,1,0,5,5,3,0,0,0,0,-1,1,6,3,4,0,6
2014-09-17,2,9,40,-5,0,-1,4,3,-2,0,-1,1,2,4,0,5,7,3,-3,0,0,7,-3,1,-2,0,0,2,4,1,8,1,1,0,0,0,0,4,11,-1,1,0,0,-1,0,7,9,5,-3,0
2014-09-18,0,6,132,10,-1,-2,1,4,1,-1,1,1,3,-9,0,0,2,9,1,0,5,10,2,-1,4,2,0,0,-1,23,4,1,0,1,-1,1,2,2,4,1,-1,0,-1,0,2,5,5,8,1,2
2014-09-19,0,-5,183,17,0,2,-3,3,0,2,-1,3,-1,-7,0,2,5,8,1,0,0,-1,3,1,2,-1,0,0,2,-2,10,0,2,-1,0,0,-1,1,8,0,-1,-1,0,0,3,4,7,3,2,1
2014-09-20,0,-2,43,6,1,0,0,0,1,-1,1,-7,1,2,0,-1,4,0,1,0,1,2,0,0,0,0,0,0,0,5,3,0,1,3,0,0,0,0,-1,0,0,0,0,0,0,0,-3,1,1,-1
2014-09-21,0,-1,32,4,0,0,0,-1,1,0,-1,-3,0,0,0,3,-1,-1,0,0,0,1,-2,1,-1,-2,0,0,0,-5,1,-1,0,0,0,0,0,4,1,0,0,0,0,0,1,1,2,1,1,-1
2014-09-22,1,2,29,12,2,1,0,4,1,0,5,1,2,3,0,0,-2,2,1,0,1,0,0,2,1,4,1,2,0,-1,2,4,3,4,0,0,3,-1,5,1,0,1,0,0,2,3,1,3,6,6
2014-09-23,3,2,20,8,2,0,0,3,3,-1,1,5,4,2,0,-2,2,0,4,0,0,0,6,2,-1,3,0,0,0,-2,3,-1,-1,-1,0,0,4,-3,8,2,1,1,0,1,0,0,1,1,5,-2
2014-09-24,3,-1,57,23,6,0,0,-1,1,0,3,2,13,-3,0,0,3,1,0,0,3,-1,7,0,4,1,0,0,0,6,4,3,-3,2,0,0,5,3,0,0,0,0,-1,0,2,1,2,3,7,0
2014-09-25,-3,6,63,9,1,-2,0,-1,0,-2,-4,2,1,-1,0,-6,3,2,2,0,-1,2,4,-2,0,0,0,0,2,2,3,2,4,0,0,1,5,-2,2,0,1,-1,0,0,2,-1,0,-1,2,6
2014-09-26,-1,2,31,-2,0,-5,-1,8,0,0,-2,2,3,1,0,-1,-2,1,1,1,0,-3,-1,1,1,-1,0,1,1,3,-1,0,2,2,-1,0,-1,6,0,1,0,0,0,0,3,-2,-2,4,2,-1
2014-09-27,-5,-1,20,1,-1,0,-1,0,0,0,2,4,2,3,0,0,3,0,1,0,-1,-1,1,0,-1,-1,0,0,0,0,8,-2,-1,-2,0,1,2,4,1,1,1,1,0,0,1,0,-1,0,3,2
2014-09-28,0,2,1,3,0,0,0,1,0,1,1,1,0,-1,0,2,1,1,5,0,0,0,0,1,0,1,0,0,0,0,1,1,0,0,0,0,8,1,6,1,0,0,0,0,0,0,1,1,0,1
2014-09-29,-1,6,23,8,8,-1,-2,0,1,0,2,7,4,-3,0,-2,3,11,0,0,0,7,2,1,0,3,0,1,0,1,2,2,2,0,0,0,1,4,5,3,0,0,0,0,-1,4,3,1,2,2
2014-09-30,2,1,17,10,0,2,0,0,0,2,-3,1,7,1,0,5,1,2,6,0,0,0,0,0,1,-2,0,1,1,7,3,-1,1,-2,0,-2,0,5,3,-1,1,0,1,1,-1,-2,11,-3,8,2
2014-10-01,3,-2,19,1,-1,0,-8,-5,1,2,2,-3,0,3,0,-1,-1,-3,8,0,0,-2,-1,1,1,-2,0,-2,-1,2,1,-4,1,0,0,1,4,9,6,3,1,0,-1,1,2,-1,-3,1,0,-3
2014-10-02,1,2,40,8,1,0,-1,3,0,0,0,2,-3,3,0,4,-2,-8,8,0,-1,3,-4,0,2,3,0,0,-1,-2,12,1,0,2,-1,-2,-1,0,4,2,0,0,0,0,0,-1,5,2,2,-2
2014-10-03,2,2,31,30,1,-1,0,2,0,0,-2,5,-1,4,0,-5,1,-1,1,0,1,4,2,4,1,-1,0,0,1,-9,11,-2,6,1,0,-1,2,6,5,-3,-2,0,2,0,0,-1,3,6,7,1
2014-10-04,0,0,0,4,-1,0,1,1,0,1,1,-1,1,3,0,-3,0,2,2,0,-1,-1,-1,1,0,-1,0,0,-1,0,3,0,-1,1,0,0,3,1,-2,-1,0,2,0,0,2,2,-4,3,3,-1
2014-10-05,-1,1,14,1,0,2,1,-1,0,0,-5,3,2,1,0,-1,2,3,1,0,0,1,2,0,0,0,0,0,0,0,0,-2,-1,0,0,0,1,1,2,0,1,-1,0,0,0,0,-4,2,4,-5
2014-10-06,0,2,3,3,6,0,0,2,1,1,-2,0,2,1,0,0,3,0,6,0,0,0,0,1,3,-2,0,0,0,3,10,4,-2,1,1,0,0,0,5,1,0,0,0,0,1,-2,8,2,9,-1
2014-10-07,7,1,7,3,2,1,1,3,0,0,-3,1,5,1,0,2,-1,4,6,0,2,2,-6,1,-3,0,0,0,1,2,16,3,1,-2,0,-1,2,2,1,0,-1,0,1,0,0,0,2,-1,5,2
2014-10-08,4,1,5,-15,0,-2,1,-2,0,1,-1,3,10,0,0,1,3,-2,2,0,1,-2,2,0,1,1,0,-1,1,-1,21,-2,-1,0,0,3,-1,0,0,0,0,1,0,0,0,1,0,5,3,-5
2014-10-09,7,5,56,24,1,0,0,-7,0,4,-2,10,4,0,0,0,5,0,10,0,0,1,1,1,1,6,0,0,-1,1,106,4,-3,4,0,0,-1,-1,3,3,0,0,-2,1,0,1,1,-1,1,-1
2014-10-10,3,0,11,-7,1,2,-1,0,2,8,-2,5,6,10,0,4,2,6,11,0,0,0,2,0,11,0,0,-1,1,0,27,0,6,6,-1,0,0,1,5,1,1,0,0,0,1,1,2,-3,15,-4
2014-10-11,0,0,-7,-2,1,0,1,-2,1,1,-5,4,2,1,0,1,1,-1,-2,0,0,1,0,0,2,0,0,0,0,-1,10,-1,1,0,0,-1,0,0,0,0,0,-1,0,0,5,1,-1,1,1,-4
2014-10-12,1,1,1,-2,0,1,0,4,0,-1,-2,-1,2,4,0,1,1,1,1,0,0,1,0,-1,1,-1,0,0,0,0,7,2,-3,1,0,0,-1,-1,1,0,0,1,0,0,0,1,1,4,4,3
2014-10-13,3,3,6,0,0,1,2,3,0,4,-3,-1,7,2,0,2,8,5,3,0,0,0,1,1,-1,-4,0,1,-1,-2,14,1,1,-3,0,-1,-5,3,4,1,2,0,0,0,2,2,1,0,0,-5
2014-10-14,0,-1,-14,7,0,2,2,7,0,2,-3,1,5,2,0,2,12,-6,-3,0,0,3,-3,0,-2,5,0,1,2,1,7,2,1,0,0,0,-1,2,-1,0,0,1,0,0,0,3,-8,-2,-1,-1
2014-10-15,-1,0,27,25,0,4,-1,1,1,-1,-4,1,6,-2,0,4,7,-2,4,0,0,2,-1,0,2,2,0,0,1,2,13,-7,3,3,0,3,5,3,7,-1,0,-1,0,1,2,4,4,1,6,4
2014-10-16,-1,1,33,0,1,1,0,2,0,0,1,-2,3,0,0,-2,-2,3,0,0,0,4,0,-1,1,0,0,0,1,0,3,-3,1,5,3,1,8,0,2,4,2,5,0,2,10,3,1,7,-3,4
2014-10-17,0,1,27,22,1,-6,0,5,-1,-1,-2,2,19,2,0,-1,0,12,0,0,1,1,-2,-1,1,-3,0,0,0,1,6,-7,0,1,0,1,9,2,3,1,-1,0,0,0,9,0,0,2,2,-2
2014-10-18,0,0,-3,0,0,2,0,2,0,0,0,1,4,0,0,1,0,-1,1,0,0,3,0,0,1,2,0,0,-1,0,2,1,-1,0,0,3,-1,1,-1,0,0,0,0,0,0,1,1,2,-1,1
2014-10-19,1,1,-2,-1,0,0,0,0,0,0,0,1,2,0,0,2,0,0,4,0,0,-1,2,0,0,1,0,0,-1,1,2,0,-3,2,0,0,3,2,0,0,1,0,0,0,3,0,-1,1,-1,0
2014-10-20,1,3,12,8,1,2,-3,1,0,4,0,2,5,3,0,-58,0,5,6,0,0,6,3,0,1,3,0,1,0,0,10,2,4,-1,1,0,3,2,1,0,-3,0,0,0,2,4,3,9,4,0
2014-10-21,1,4,51,11,0,-1,2,3,-1,2,0,9,2,-5,0,-46,3,2,13,0,0,0,-18,1,4,0,0,0,1,1,7,-2,7,2,0,6,8,2,5,-2,-10,0,0,0,3,-2,13,3,0,1
2014-10-22,0,34,42,-5,0,-2,0,-3,0,5,-1,4,5,3,0,3,7,-4,1,0,-3,2,-6,-6,3,1,0,0,-2,1,3,2,-1,2,0,2,4,1,-2,-5,1,0,0,0,3,5,1,-3,5,0
2014-10-23,2,5,42,-1,1,-3,-1,-5,2,-1,0,6,2,3,0,-2,5,3,9,0,0,2,1,0,2,0,1,0,1,-2,3,3,0,1,0,0,0,-1,-6,1,0,0,-1,-4,0,2,1,2,-4,0
2014-10-24,0,2,107,-4,7,-1,-2,1,-1,0,3,2,2,2,0,-5,6,0,8,0,1,1,-6,0,1,2,0,-1,1,-2,18,2,13,0,0,0,2,-1,-1,-1,1,0,1,0,0,0,-1,-2,-4,3
2014-10-25,1,1,7,1,0,1,0,3,0,0,1,2,0,4,0,2,2,2,-1,0,0,-1,3,0,1,1,0,0,0,0,2,2,2,0,1,0,0,1,1,0,1,0,-1,-1,4,1,1,0,1,2
2014-10-26,0,1,9,0,0,-1,0,2,0,2,0,0,0,2,0,0,0,0,2,0,0,0,0,0,0,2,0,0,0,0,1,1,0,0,0,0,0,1,3,1,0,0,0,0,0,1,1,1,-1,0
2014-10-27,12,3,68,7,-1,-2,-1,1,0,-1,1,0,1,4,0,2,0,3,4,0,3,-1,2,0,0,5,0,0,2,4,2,-2,2,4,0,0,-2,4,2,1,-2,0,0,0,0,2,4,3,2,-6
2014-10-28,4,-1,78,8,0,6,0,0,-1,-3,0,6,6,-3,0,3,0,4,-1,0,1,1,0,-2,4,-1,0,0,2,0,4,11,1,1,2,0,7,0,-4,-1,1,-1,-1,0,0,3,1,3,6,-1
2014-10-29,1,4,87,18,0,2,0,-3,0,-3,-3,-4,1,0,0,6,-1,-2,2,0,0,3,-1,-2,-1,1,0,0,1,0,2,2,-2,1,0,1,4,6,6,1,0,0,1,0,-2,13,3,3,3,1
2014-10-30,0,-1,41,11,9,2,0,-10,2,2,3,0,0,6,0,2,7,2,4,-1,0,31,3,2,9,4,0,-1,1,-1,4,2,4,1,-1,1,4,3,2,1,0,1,1,1,1,35,-1,2,2,0
2014-10-31,1,-1,22,-2,4,0,-4,3,4,-3,3,0,0,0,0,-5,0,0,4,0,0,3,0,-1,5,-1,0,2,0,1,6,1,2,4,0,1,-2,1,2,1,0,2,0,0,4,14,1,-3,6,15
2014-11-01,0,0,12,1,1,-1,-1,1,0,1,0,0,2,4,0,1,-3,1,0,0,0,1,1,0,1,0,0,0,0,0,2,-1,0,0,0,0,0,1,1,0,0,-1,0,0,2,2,1,-1,-1,2
2014-11-02,2,1,21,2,-1,0,1,0,0,1,1,3,1,0,0,0,-1,0,0,0,0,0,0,0,1,0,0,0,0,-1,2,1,0,0,0,0,0,0,0,0,0,0,1,0,-1,1,0,2,1,4
2014-11-03,0,1,116,6,-2,3,-1,-6,0,2,3,1,5,-1,0,1,3,-15,8,-1,0,3,-4,0,2,-2,1,-1,3,2,3,-1,5,3,-2,1,-1,4,0,2,-1,0,0,0,3,2,-2,-1,4,1
2014-11-04,3,2,236,8,-2,3,1,2,1,10,1,2,2,1,0,0,-3,-3,0,0,0,-1,0,3,-1,-1,-1,0,1,2,1,2,2,0,0,0,-3,4,3,0,1,1,0,0,1,2,1,5,5,4
2014-11-05,2,2,177,4,0,0,1,-4,1,4,3,5,4,1,0,4,3,-2,7,0,1,5,3,2,3,0,0,-1,0,1,9,1,7,-2,-1,1,1,-2,2,3,0,0,-1,-1,1,9,0,1,3,3
2014-11-06,2,4,144,-6,-1,1,0,-5,0,5,0,26,8,-1,0,-1,1,-1,5,0,0,2,0,4,0,0,0,-1,0,2,9,1,2,1,0,1,7,1,2,-1,0,0,1,0,2,6,4,4,5,1
2014-11-07,3,1,156,4,0,1,-2,-1,0,-1,-1,8,6,-10,0,5,2,-5,1,0,1,1,3,1,0,-1,2,0,0,3,6,2,-1,0,0,0,3,0,1,0,1,0,0,0,1,0,1,-2,4,1
2014-11-08,-1,1,39,2,2,0,0,2,0,1,0,5,2,2,0,0,2,1,2,0,0,2,1,0,0,0,0,1,-1,0,1,0,0,-1,0,1,-1,0,0,1,0,0,0,0,1,1,-1,1,1,2
2014-11-09,0,2,6,2,1,-1,0,2,0,0,0,4,0,-1,0,0,0,1,1,0,0,-1,1,2,0,-1,0,0,0,2,0,0,-2,0,0,0,2,0,1,0,0,0,0,0,0,-1,-1,0,0,-1
2014-11-10,-2,4,109,8,1,1,0,5,0,0,-1,13,6,3,0,17,3,0,1,0,-1,3,0,0,-1,1,-1,1,0,1,2,6,-2,-1,0,1,2,-1,1,1,1,3,1,0,4,3,1,2,-2,6
2014-11-11,-1,-3,220,10,2,1,0,2,0,6,1,7,-1,2,0,1,0,4,1,0,2,-2,-1,1,1,-4,0,0,2,2,0,4,0,0,0,0,0,7,3,1,0,1,1,1,0,0,0,0,1,0
2014-11-12,3,0,262,9,1,-2,1,2,0,1,-1,4,6,3,0,-11,1,-5,-5,0,1,-4,-5,0,-2,3,0,0,1,1,2,2,1,0,0,0,0,1,0,1,0,0,0,0,1,7,7,1,-4,0
2014-11-13,1,1,173,11,-1,6,3,5,0,4,-1,9,3,5,0,0,3,2,1,0,0,0,3,1,0,4,0,1,0,0,8,4,0,1,0,1,8,-2,4,-1,0,1,0,0,2,1,5,1,37,2
2014-11-14,2,7,29,3,0,-1,2,-2,0,0,-2,3,3,-1,0,0,3,2,6,0,0,-1,1,0,-1,1,0,0,1,-4,10,-2,5,-2,0,1,5,2,3,1,0,0,0,0,1,6,5,-4,13,-1
2014-11-15,0,7,7,4,1,1,1,-1,0,0,-1,7,-2,5,0,1,4,-1,0,0,0,1,0,0,-2,-1,0,0,1,-1,5,1,3,-2,0,0,1,2,4,0,0,0,0,1,-3,1,0,1,0,2
2014-11-16,4,0,8,5,2,1,1,0,1,0,-1,0,0,-1,0,1,0,-1,1,0,0,0,-4,0,1,3,0,0,0,3,1,3,2,1,0,0,0,2,3,1,0,0,1,1,0,-2,2,0,-2,-1
2014-11-17,28,4,39,5,1,2,1,14,0,3,0,2,5,5,0,4,2,3,2,0,0,1,0,4,3,-2,0,0,1,4,5,-6,3,2,0,0,-3,0,4,1,0,0,0,0,-1,1,3,2,7,4
2014-11-18,11,8,46,-9,0,0,3,-8,0,0,0,0,2,19,0,5,1,-7,-4,0,0,2,0,6,0,4,1,0,-1,1,3,5,1,0,0,2,0,5,4,1,-1,1,0,-1,0,1,2,4,6,-1
2014-11-19,-1,6,95,4,0,1,5,1,1,0,0,2,5,8,0,-7,1,-3,5,0,1,-1,4,4,0,3,2,0,-1,0,4,-2,-1,1,0,0,0,3,2,1,0,0,0,1,2,4,10,4,18,-2
2014-11-20,2,5,67,4,0,5,-1,7,0,-1,3,8,0,1,0,-12,2,1,4,0,-1,1,3,3,-1,-1,0,0,0,0,7,3,0,-2,0,-1,4,11,2,-1,0,0,0,0,1,1,1,4,5,6
2014-11-21,2,3,52,0,1,-1,0,-7,0,0,1,13,4,5,0,3,0,-6,3,0,0,3,5,1,-4,0,0,0,2,-1,6,-2,3,-3,0,-3,-4,7,1,1,0,0,0,0,2,3,5,2,5,4
2014-11-22,-1,1,-4,2,0,2,0,2,1,1,0,-3,0,4,0,1,0,3,-1,0,0,0,2,1,0,0,0,0,1,0,1,1,0,1,0,0,2,1,-1,1,0,0,0,0,1,0,1,0,-1,0
2014-11-23,-1,0,11,0,0,0,1,-1,0,0,2,0,1,1,0,1,0,0,1,0,0,3,7,0,0,0,0,0,0,0,1,0,1,0,0,1,2,0,-1,1,0,0,0,0,0,4,2,-2,0,3
2014-11-24,0,6,138,2,2,2,-2,3,1,3,0,7,3,0,0,-3,1,0,2,0,-1,1,4,0,3,14,0,0,-1,0,9,3,-1,0,0,2,2,-5,-9,5,0,0,0,2,0,5,-3,0,-1,1
2014-11-25,0,2,70,8,0,0,1,5,0,0,3,8,2,5,0,3,-2,2,3,0,1,5,5,1,2,1,0,0,0,-1,6,-1,1,3,0,-1,0,2,-3,3,-1,0,1,2,-1,5,-1,-1,2,2
2014-11-26,0,-4,38,1,-1,1,0,3,-1,1,3,19,5,-2,0,0,2,2,3,-2,2,1,0,2,-1,1,0,1,0,-2,6,-4,3,-1,0,-1,4,1,0,1,0,1,0,0,1,-1,5,2,5,1
2014-11-27,0,3,12,-2,1,0,1,1,0,1,-3,-1,0,1,0,-2,1,1,1,0,0,0,-1,0,0,0,0,0,0,0,5,0,0,0,-1,0,-1,0,2,0,1,0,0,0,0,0,1,0,5,-3
2014-11-28,1,4,-2,4,0,9,0,-1,0,1,-9,12,0,1,0,3,2,1,3,0,-1,2,4,0,0,-2,0,0,-1,-3,17,-1,2,0,0,0,0,0,1,0,-9,1,0,0,2,0,1,2,16,-4
2014-11-29,0,0,15,2,0,0,0,0,0,0,4,0,-1,4,0,0,0,-1,1,0,0,3,1,0,0,0,0,1,0,0,2,0,1,0,0,0,2,2,0,-2,0,-1,0,0,1,0,1,4,2,5
2014-11-30,0,4,12,-1,0,-1,1,-1,0,1,1,4,0,3,0,0,1,0,1,0,0,-3,-1,1,2,-1,0,0,0,0,4,1,5,2,1,0,-1,0,2,2,2,0,1,1,0,0,0,0,0,3
2014-12-01,-1,2,-19,6,2,-3,0,0,0,0,-9,17,3,2,0,-10,1,-2,4,0,0,1,0,1,3,1,0,2,0,1,2,2,2,-1,-2,0,2,2,0,0,0,-1,0,0,1,10,0,3,2,-5
2014-12-02,2,0,60,11,1,-2,0,4,0,2,2,13,8,1,0,-1,2,-5,6,0,1,12,4,-1,3,1,0,0,4,-1,13,5,4,2,0,1,4,-2,6,1,0,3,0,0,2,6,2,3,7,2
2014-12-03,1,2,62,-4,0,4,-1,11,0,3,-1,7,2,5,0,-1,2,-5,1,0,5,5,0,0,2,3,1,-1,0,1,6,1,4,0,1,0,4,-2,1,0,3,1,0,0,10,1,3,-1,1,5
2014-12-04,0,4,26,5,4,0,2,-3,0,2,-5,26,5,5,0,21,1,5,6,-1,1,2,2,1,-1,3,0,-1,0,0,3,-1,6,1,1,3,3,-4,0,1,0,0,0,0,2,3,7,0,5,-2
2014-12-05,-2,2,34,40,1,2,0,7,0,1,-5,9,4,12,0,10,9,7,4,0,-2,3,1,1,0,0,0,0,0,-1,9,-2,4,0,0,3,2,0,2,0,0,0,1,1,0,-1,2,-3,5,-1
2014-12-06,0,2,10,2,2,0,0,-2,0,2,0,9,1,2,0,-2,2,1,1,0,1,1,0,1,1,1,0,0,-2,1,3,1,0,1,0,0,1,-1,1,0,0,0,0,-1,1,2,2,1,2,1
2014-12-07,0,0,-2,-2,3,-1,0,0,0,0,-1,7,0,0,0,0,3,3,0,0,0,1,-1,0,0,1,0,0,0,0,0,3,0,0,-1,0,2,0,1,0,-1,0,0,0,0,0,4,4,1,-1
2014-12-08,0,2,10,17,6,-8,1,6,0,0,-3,10,2,10,0,3,10,9,7,0,2,3,-23,2,0,25,0,0,1,1,1,0,1,-2,0,0,-3,-1,5,1,0,1,0,0,2,6,1,-3,1,-9
2014-12-09,2,5,111,24,0,-1,0,13,0,2,8,10,2,0,0,-2,1,7,1,0,0,2,6,0,0,3,0,0,2,0,2,-1,3,1,0,0,2,3,6,2,-1,1,1,0,-1,5,17,3,3,6
2014-12-10,-1,3,23,13,2,4,-1,2,0,3,-3,-3,3,1,0,1,-5,9,1,0,-2,1,-1,1,1,0,0,0,-1,0,3,0,0,0,-2,2,1,0,7,1,-2,1,1,0,-1,1,0,3,7,4
2014-12-11,1,2,53,15,1,2,-1,4,0,2,2,1,9,4,0,5,-4,7,8,0,1,1,3,1,0,-1,0,0,0,-2,8,1,1,0,0,2,-4,1,3,0,0,1,0,0,2,12,3,2,10,19
2014-12-12,1,1,35,-1,1,4,1,8,0,0,6,8,5,-1,0,-11,0,-2,1,0,0,-4,3,2,0,5,0,0,0,3,2,1,3,0,0,1,-2,2,-2,-1,2,0,0,1,0,-2,6,6,7,1
2014-12-13,0,-1,3,-1,0,-4,-1,-3,0,-1,-1,-1,4,3,0,1,0,-2,0,0,0,-4,4,0,0,0,0,0,0,1,1,1,0,0,-1,0,4,1,4,0,-1,0,0,-1,1,-2,0,-3,0,3
2014-12-14,0,2,14,1,0,4,0,1,0,0,2,3,1,1,0,1,1,0,-1,0,0,-2,-2,0,0,1,0,0,0,3,0,-1,1,-1,0,-1,2,0,-1,0,1,0,0,0,0,-1,-1,0,3,-1
2014-12-15,2,11,35,7,0,1,-1,0,0,1,-2,1,4,0,0,7,2,-4,5,0,0,0,0,0,0,1,0,0,0,4,4,3,2,0,-1,0,3,2,5,0,0,1,0,0,0,2,3,2,2,10
2014-12-16,2,13,41,10,-1,-5,1,1,0,16,3,3,6,2,0,9,6,-2,1,0,-1,0,0,2,0,-1,0,-1,2,1,4,2,2,0,0,0,5,1,5,0,0,0,0,0,0,-1,2,-8,9,2
2014-12-17,1,-2,52,21,0,4,1,0,0,4,3,0,7,1,0,2,5,5,-1,0,1,2,2,0,0,0,0,0,1,12,4,-3,1,1,0,0,-3,1,0,1,0,1,1,0,0,0,3,4,10,9
2014-12-18,0,5,70,9,1,4,0,-3,0,0,0,2,2,1,0,-3,0,1,1,0,1,3,5,-1,1,2,0,0,-1,32,3,-1,1,0,-1,1,0,0,5,0,0,1,-1,0,4,0,1,11,9,12
2014-12-19,-2,1,65,9,2,2,0,2,0,5,1,3,1,6,0,4,1,-3,-1,0,0,0,-1,0,0,2,0,1,0,12,2,5,3,1,1,0,2,1,3,1,0,0,0,0,1,1,0,0,-2,16
2014-12-20,0,0,4,0,0,0,0,0,0,1,0,2,3,2,0,5,1,-1,4,0,0,0,-1,1,1,0,0,0,0,2,2,-1,0,0,0,0,0,0,4,1,0,0,0,0,1,0,1,-1,5,2
2014-12-21,0,-1,6,4,0,0,0,1,0,-2,1,3,1,3,0,0,1,4,3,0,0,0,1,0,1,1,0,0,1,1,1,1,1,0,0,0,0,0,2,0,0,-1,0,0,0,1,0,1,0,3
2014-12-22,0,2,20,0,7,0,0,-1,0,2,3,0,8,4,0,4,3,-3,1,0,0,3,3,1,-1,0,0,0,0,2,2,1,3,1,0,-1,4,-1,6,0,0,1,1,1,2,0,4,-1,1,7
2014-12-23,0,4,7,23,6,-3,1,5,0,7,-1,6,2,0,0,12,5,3,6,0,2,10,0,1,-1,4,0,0,-1,0,8,-3,0,0,0,1,1,0,1,0,-2,2,1,0,2,3,1,3,3,4
2014-12-24,0,5,33,20,-1,5,0,3,0,3,0,1,2,0,0,-1,-1,0,5,0,0,1,2,2,-3,-2,0,0,-1,-1,3,0,0,1,0,0,0,0,0,0,0,0,0,0,0,0,0,-1,4,2
2014-12-25,0,3,9,5,0,1,0,0,0,-1,0,4,0,0,0,-1,1,0,2,0,0,2,1,0,0,0,0,0,0,2,1,-1,1,0,0,0,0,1,2,0,0,0,0,0,0,0,0,0,1,4
2014-12-26,0,-1,20,1,0,2,0,3,-1,2,2,0,1,-1,0,-3,-1,-1,6,0,0,3,1,1,0,-1,0,0,3,1,3,2,2,0,0,0,-1,1,1,0,0,-1,0,0,-1,2,2,0,12,7
2014-12-27,0,4,11,5,0,2,1,2,0,0,1,-1,1,2,0,0,2,0,0,-1,2,1,2,0,1,0,0,-2,0,-1,2,4,1,0,0,0,1,0,2,-1,0,1,0,0,1,1,1,0,3,1
2014-12-28,-1,2,6,4,0,0,-1,4,-1,0,3,1,0,0,0,-2,0,1,3,0,0,1,1,0,1,0,0,0,-1,-1,1,0,0,0,0,0,1,0,2,0,1,0,0,0,0,1,0,2,1,4
2014-12-29,0,4,15,10,0,-1,-2,4,0,1,2,9,1,2,0,-6,1,3,7,0,1,1,-1,-1,0,-1,0,-1,1,1,10,0,1,0,0,0,3,2,7,0,0,1,0,0,0,3,0,3,8,5
2014-12-30,-1,2,13,11,-1,4,0,0,0,-1,5,3,2,3,0,5,2,2,4,-3,0,0,-2,1,0,0,0,0,0,3,1,0,5,0,2,0,1,-1,2,-1,2,1,0,0,0,0,-2,1,2,1
2014-12-31,0,-1,30,10,2,3,-1,0,1,1,0,6,0,4,0,0,-1,0,2,0,0,-1,3,0,-1,0,0,0,0,-1,0,0,2,0,1,0,-3,1,1,0,0,0,0,0,1,1,-1,1,1,6
